"","(E_lengths - CUFA_nomin_lengths)/E_lengths * 100"
"43",28.5714285714286
"72",20
"98",16.6666666666667
"186",28.5714285714286
"246",0
"270",30
"275",0
"366",22.2222222222222
"370",28.5714285714286
"374",0
"454",28.5714285714286
"461",25
"489",28.5714285714286
"549",22.2222222222222
"556",20
"560",20
"565",0
"575",20
"625",20
"645",20
"653",20
"746",28.5714285714286
"763",28.5714285714286
"783",28.5714285714286
"857",0
"858",20
"938",20
"952",20
"960",0
"963",0
"967",20
"968",0
"1022",25
"1062",0
"1105",0
"1110",25
"1144",20
"1185",20
"1207",20
"1214",20
"1298",22.2222222222222
"1312",20
"1386",22.2222222222222
"1388",22.2222222222222
"1397",30
"1462",20
"1468",0
"1583",28.5714285714286
"1584",28.5714285714286
"1589",0
"1681",28.5714285714286
"1707",30
"1813",25
"1819",20
"1846",20
"1876",22.2222222222222
"2008",20
"2018",0
"2064",0
"2066",22.2222222222222
"2071",0
"2091",20
"2103",16.6666666666667
"2161",20
"2181",20
"2198",20
"2199",20
"2233",0
"2258",16.6666666666667
"2260",30
"2261",25
"2262",28.5714285714286
"2283",20
"2284",20
"2285",16.6666666666667
"2295",20
"2310",20
"2337",28.5714285714286
"2350",20
"2355",0
"2380",20
"2394",20
"2395",20
"2396",28.5714285714286
"2397",22.2222222222222
"2454",0
"2465",20
"2475",22.2222222222222
"2492",20
"2545",28.5714285714286
"2574",20
"2589",16.6666666666667
"2590",20
"2627",20
"2652",20
"2674",30
"2686",28.5714285714286
"2687",16.6666666666667
"2694",20
"2698",20
"2728",0
"2778",0
"2779",20
"2789",30
"2796",20
"2797",22.2222222222222
"2811",20
"2883",20
"2899",28.5714285714286
"2900",28.5714285714286
"2901",20
"2904",20
"2956",0
"2970",20
"2971",25
"2989",22.2222222222222
"2991",30
"3006",25
"3007",30
"3010",28.5714285714286
"3103",16.6666666666667
"3121",0
"3214",20
"3237",28.5714285714286
"3242",0
"3266",0
"3293",0
"3295",30
"3313",20
"3348",22.2222222222222
"3360",20
"3361",25
"3408",28.5714285714286
"3411",0
"3431",28.5714285714286
"3435",0
"3440",22.2222222222222
"3441",28.5714285714286
"3471",20
"3480",20
"3537",20
"3554",28.5714285714286
"3583",20
"3635",20
"3669",20
"3771",16.6666666666667
"3778",20
"3783",20
"3931",20
"4046",22.2222222222222
"4102",0
"4130",28.5714285714286
"4161",22.2222222222222
"4162",22.2222222222222
"4165",22.2222222222222
"4215",22.2222222222222
"4219",20
"4242",20
"4280",28.5714285714286
"4286",28.5714285714286
"4369",22.2222222222222
"4370",22.2222222222222
"4431",20
"4439",0
"4455",22.2222222222222
"4551",20
"4651",0
"4658",30
"4766",0
"4777",28.5714285714286
"4800",30
"4843",20
"4894",0
"4923",20
"4927",0
"4941",20
"5179",28.5714285714286
"5284",0
"5313",28.5714285714286
"5323",0
"5442",20
"5555",30
"5570",20
"5694",22.2222222222222
"5695",22.2222222222222
"5701",16.6666666666667
"5826",16.6666666666667
"5828",20
"5854",20
"6213",22.2222222222222
"6395",0
"6528",20
"6741",0
"7140",30
"7196",22.2222222222222
"7590",22.2222222222222
"7599",25
"7600",28.5714285714286
"7601",16.6666666666667
"7728",16.6666666666667
"7729",20
"7730",28.5714285714286
"7731",20
"7732",20
"7733",20
"7734",22.2222222222222
"7792",28.5714285714286
"7858",25
"7864",0
"7865",30
"7929",20
"7996",22.2222222222222
"8003",22.2222222222222
"8122",28.5714285714286
"8127",28.5714285714286
"8130",28.5714285714286
"8194",20
"8248",30
"8261",28.5714285714286
"8263",28.5714285714286
"8314",20
"8396",0
"8397",0
"8404",0
"8443",0
"8583",22.2222222222222
"8654",0
"8715",22.2222222222222
"8796",22.2222222222222
"8927",20
"8934",25
"9007",0
"9063",28.5714285714286
"9093",20
"9094",0
"9095",20
"9122",20
"9229",20
"9230",20
"9255",20
"9361",0
"9364",28.5714285714286
"9417",0
"9423",28.5714285714286
"9426",0
"9427",0
"9432",0
"9487",25
"9498",0
"9499",22.2222222222222
"9501",28.5714285714286
"9524",0
"9590",28.5714285714286
"9622",20
"9626",20
"9633",20
"9761",20
"9780",0
"9921",22.2222222222222
"10176",16.6666666666667
"10177",28.5714285714286
"10236",20
"10276",25
"10277",22.2222222222222
"10280",0
"10308",16.6666666666667
"10492",22.2222222222222
"10579",25
"10612",28.5714285714286
"10613",20
"10615",28.5714285714286
"10624",28.5714285714286
"10626",28.5714285714286
"10628",0
"10631",28.5714285714286
"10693",25
"10702",28.5714285714286
"10707",0
"10708",22.2222222222222
"10709",20
"10711",0
"10748",28.5714285714286
"10749",30
"10757",22.2222222222222
"10759",22.2222222222222
"10761",20
"10840",20
"10845",20
"10889",20
"10892",0
"10894",0
"10896",0
"10962",20
"10964",22.2222222222222
"10967",20
"11018",20
"11030",20
"11048",28.5714285714286
"11103",20
"11146",16.6666666666667
"11147",22.2222222222222
"11160",20
"11215",20
"11225",0
"11226",0
"11274",20
"11340",22.2222222222222
"11396",30
"11453",0
"11455",20
"11459",0
"11519",20
"11577",28.5714285714286
"11582",0
"11610",30
"11644",0
"11700",16.6666666666667
"11701",28.5714285714286
"11704",0
"11705",20
"11791",25
"11795",16.6666666666667
"11851",20
"11856",28.5714285714286
"11943",0
"11965",30
"12022",0
"12023",20
"12037",20
"12062",22.2222222222222
"12066",16.6666666666667
"12144",28.5714285714286
"12145",16.6666666666667
"12181",28.5714285714286
"12302",20
"12330",28.5714285714286
"12422",22.2222222222222
"12577",20
"12743",20
"12825",20
"13048",22.2222222222222
"13049",20
"13051",22.2222222222222
"13056",22.2222222222222
"13207",28.5714285714286
"13431",0
"13432",30
"13580",20
"13582",20
"13585",0
"13639",20
"13670",28.5714285714286
"13682",22.2222222222222
"13766",0
"13799",30
"13810",0
"13825",22.2222222222222
"13831",22.2222222222222
"13833",20
"13924",20
"13925",28.5714285714286
"13926",30
"13934",0
"13941",28.5714285714286
"13946",20
"13958",20
"13962",28.5714285714286
"14049",0
"14051",20
"14059",25
"14082",20
"14086",28.5714285714286
"14087",0
"14171",25
"14192",28.5714285714286
"14208",30
"14210",20
"14287",16.6666666666667
"14298",30
"14305",0
"14332",28.5714285714286
"14334",28.5714285714286
"14639",28.5714285714286
"14682",0
"14686",20
"14919",28.5714285714286
"15054",16.6666666666667
"15055",0
"15083",28.5714285714286
"15110",30
"15113",22.2222222222222
"15115",30
"15216",0
"15346",20
"15482",28.5714285714286
"15521",0
"15598",0
"15616",0
"15638",28.5714285714286
"15658",0
"15661",20
"15663",30
"15753",28.5714285714286
"15779",28.5714285714286
"15794",20
"15795",22.2222222222222
"15837",16.6666666666667
"15909",0
"15933",22.2222222222222
"16068",30
"16071",28.5714285714286
"16176",20
"16336",0
"16471",16.6666666666667
"16551",30
"16688",0
"16865",0
"16879",20
"16994",22.2222222222222
"17014",22.2222222222222
"17149",20
"17268",28.5714285714286
"17283",28.5714285714286
"17361",20
"17674",25
"17695",0
"18122",28.5714285714286
"18389",20
"18568",22.2222222222222
"18802",0
"19103",0
"19408",20
"19448",28.5714285714286
"19566",20
"19733",28.5714285714286
"19885",22.2222222222222
"20037",0
"20698",0
"20745",28.5714285714286
"20749",20
"20911",22.2222222222222
"21073",22.2222222222222
"21238",25
"21405",25
"21406",0
"21510",0
"21648",30
"22151",16.6666666666667
"22217",25
"22218",25
"22231",22.2222222222222
"22232",28.5714285714286
"22238",20
"22308",22.2222222222222
"22331",22.2222222222222
"22385",20
"22386",20
"22394",30
"22473",20
"22484",28.5714285714286
"22561",20
"22580",28.5714285714286
"22649",25
"22742",0
"22801",30
"22874",20
"22882",25
"22961",22.2222222222222
"23036",20
"23119",20
"23140",0
"23272",20
"23274",30
"23356",30
"23388",20
"23440",0
"23515",22.2222222222222
"23517",28.5714285714286
"23518",20
"23597",28.5714285714286
"23723",28.5714285714286
"23760",28.5714285714286
"23883",20
"23888",28.5714285714286
"23925",20
"24048",22.2222222222222
"24216",20
"24671",30
"24891",20
"24967",20
"25180",28.5714285714286
"25348",25
"25570",0
"26308",0
"26550",28.5714285714286
"27448",20
"27665",22.2222222222222
"27822",20
"27823",0
"27824",0
"27892",16.6666666666667
"27916",20
"28063",20
"28132",0
"28758",20
"28851",22.2222222222222
"28912",20
"29009",22.2222222222222
"29543",20
"29545",28.5714285714286
"29784",16.6666666666667
"29939",30
"30308",20
"30389",16.6666666666667
"30625",25
"30698",0
"30938",28.5714285714286
"31096",28.5714285714286
"31182",0
"31253",0
"31331",28.5714285714286
"31492",0
"31496",20
"31497",20
"31651",20
"31878",25
"32139",20
"32731",22.2222222222222
"32732",22.2222222222222
"32975",28.5714285714286
"33477",22.2222222222222
"33821",20
"33984",22.2222222222222
"34230",20
"34313",0
"34472",0
"34796",20
"34799",20
"34876",22.2222222222222
"34964",20
"35123",30
"35372",0
"35465",16.6666666666667
"35466",0
"35799",0
"35800",20
"35801",20
"35810",20
"35972",30
"36149",28.5714285714286
"36174",30
"36246",25
"36322",20
"36326",20
"36327",0
"36402",20
"36576",22.2222222222222
"36582",30
"36747",20
"36768",20
"36863",25
"36871",22.2222222222222
"37208",0
"37378",22.2222222222222
"37385",0
"37439",22.2222222222222
"37793",28.5714285714286
"37805",28.5714285714286
"38135",30
"38144",20
"38296",22.2222222222222
"38303",28.5714285714286
"38480",0
"38657",28.5714285714286
"38821",0
"38822",0
"39093",30
"39094",20
"39173",0
"39343",28.5714285714286
"39603",22.2222222222222
"39688",22.2222222222222
"39857",28.5714285714286
"40009",20
"40026",22.2222222222222
"40357",20
"40667",20
"41044",20
"41187",22.2222222222222
"41399",28.5714285714286
"41520",20
"41538",0
"41660",0
"41818",22.2222222222222
"42077",20
"42218",0
"42358",20
"42490",22.2222222222222
"42627",22.2222222222222
"42888",20
"42961",28.5714285714286
"42998",16.6666666666667
"43109",16.6666666666667
"43308",0
"43361",22.2222222222222
"43436",0
"43442",0
"43511",30
"43513",20
"43514",20
"43515",0
"43516",20
"43517",22.2222222222222
"2",0
"37",0
"87",0
"132",0
"133",0
"134",0
"148",0
"175",0
"181",0
"191",0
"239",0
"249",0
"318",0
"332",0
"344",0
"368",0
"371",0
"376",0
"412",0
"425",0
"433",0
"449",0
"459",0
"518",0
"548",0
"572",0
"595",0
"650",0
"656",0
"660",0
"661",0
"736",0
"739",0
"750",0
"752",0
"755",0
"786",0
"826",0
"827",0
"830",0
"833",0
"877",0
"878",0
"879",0
"895",0
"917",0
"919",0
"928",0
"961",0
"971",0
"1014",0
"1053",0
"1169",0
"1202",0
"1203",0
"1204",0
"1218",0
"1295",0
"1297",0
"1302",0
"1309",0
"1310",0
"1314",0
"1324",0
"1340",0
"1341",0
"1384",0
"1393",0
"1394",0
"1419",0
"1434",0
"1484",0
"1491",0
"1494",0
"1514",0
"1515",0
"1552",0
"1595",0
"1599",0
"1627",0
"1674",0
"1676",0
"1680",0
"1691",0
"1693",0
"1723",0
"1770",0
"1776",0
"1781",0
"1802",0
"1868",0
"1873",0
"1883",0
"1893",0
"1899",0
"1963",0
"1968",0
"1970",0
"1974",0
"1979",0
"1981",0
"1995",0
"1996",0
"2017",0
"2019",0
"2037",0
"2059",0
"2090",0
"2117",0
"2133",0
"2154",0
"2156",0
"2163",0
"2169",0
"2174",0
"2186",0
"2187",0
"2212",0
"2251",0
"2259",0
"2263",0
"2308",0
"2328",0
"2366",0
"2378",0
"2379",0
"2421",0
"2445",0
"2446",0
"2459",0
"2466",0
"2467",0
"2474",0
"2476",0
"2477",0
"2491",0
"2555",0
"2561",0
"2570",0
"2573",0
"2575",0
"2576",0
"2610",0
"2667",0
"2675",0
"2676",0
"2700",0
"2711",0
"2716",0
"2748",0
"2755",0
"2774",0
"2780",0
"2814",0
"2831",0
"2863",0
"2869",0
"2872",0
"2882",0
"2884",0
"2893",0
"2912",0
"2959",0
"2975",0
"2979",0
"2988",0
"2990",0
"2992",0
"3009",0
"3015",0
"3023",0
"3026",0
"3035",0
"3092",0
"3101",0
"3102",0
"3104",0
"3105",0
"3106",0
"3122",0
"3130",0
"3141",0
"3181",0
"3183",0
"3217",0
"3218",0
"3219",0
"3233",0
"3272",0
"3296",0
"3331",0
"3332",0
"3427",0
"3482",0
"3547",0
"3555",0
"3629",0
"3632",0
"3666",0
"3671",0
"3696",0
"3743",0
"3745",0
"3777",0
"3811",0
"3857",0
"3870",0
"3888",0
"3933",0
"3935",0
"3938",0
"3940",0
"3948",0
"3952",0
"3972",0
"3973",0
"3980",0
"3982",0
"3986",0
"4017",0
"4027",0
"4039",0
"4041",0
"4092",0
"4095",0
"4124",0
"4125",0
"4129",0
"4145",0
"4159",0
"4195",0
"4213",0
"4243",0
"4246",0
"4283",0
"4331",0
"4332",0
"4361",0
"4362",0
"4379",0
"4399",0
"4412",0
"4449",0
"4450",0
"4454",0
"4456",0
"4459",0
"4467",0
"4480",0
"4481",0
"4484",0
"4541",0
"4560",0
"4571",0
"4582",0
"4587",0
"4601",0
"4602",0
"4607",0
"4642",0
"4667",0
"4669",0
"4690",0
"4707",0
"4708",0
"4721",0
"4722",0
"4727",0
"4778",0
"4811",0
"4820",0
"4829",0
"4844",0
"4896",0
"4922",0
"4926",0
"4937",0
"4967",0
"4971",0
"4972",0
"5070",0
"5090",0
"5091",0
"5092",0
"5093",0
"5094",0
"5095",0
"5097",0
"5183",0
"5185",0
"5195",0
"5196",0
"5197",0
"5198",0
"5199",0
"5216",0
"5217",0
"5218",0
"5227",0
"5310",0
"5324",0
"5342",0
"5343",0
"5352",0
"5409",0
"5429",0
"5469",0
"5496",0
"5566",0
"5573",0
"5576",0
"5596",0
"5597",0
"5669",0
"5725",0
"5726",0
"5733",0
"5741",0
"5853",0
"5859",0
"5954",0
"5955",0
"5979",0
"5980",0
"5981",0
"6112",0
"6131",0
"6146",0
"6263",0
"6394",0
"6469",0
"6606",0
"6658",0
"6659",0
"6770",0
"6794",0
"6812",0
"7035",0
"7062",0
"7197",0
"7199",0
"7272",0
"7333",0
"7460",0
"7469",0
"7598",0
"7602",0
"7742",0
"7744",0
"7842",0
"7843",0
"7844",0
"7854",0
"7859",0
"7866",0
"7990",0
"7997",0
"8128",0
"8244",0
"8255",0
"8256",0
"8272",0
"8377",0
"8382",0
"8383",0
"8384",0
"8385",0
"8398",0
"8402",0
"8408",0
"8509",0
"8515",0
"8516",0
"8517",0
"8525",0
"8535",0
"8542",0
"8639",0
"8652",0
"8653",0
"8672",0
"8679",0
"8680",0
"8775",0
"8790",0
"8791",0
"8792",0
"8793",0
"8801",0
"8809",0
"8817",0
"8818",0
"8858",0
"8913",0
"8928",0
"8929",0
"8930",0
"8954",0
"9050",0
"9092",0
"9182",0
"9205",0
"9226",0
"9227",0
"9228",0
"9231",0
"9248",0
"9295",0
"9316",0
"9360",0
"9367",0
"9490",0
"9497",0
"9502",0
"9514",0
"9614",0
"9625",0
"9628",0
"9646",0
"9713",0
"9788",0
"9898",0
"9899",0
"9918",0
"9983",0
"9987",0
"10044",0
"10047",0
"10051",0
"10117",0
"10147",0
"10174",0
"10175",0
"10309",0
"10310",0
"10369",0
"10444",0
"10497",0
"10502",0
"10508",0
"10580",0
"10630",0
"10642",0
"10643",0
"10653",0
"10700",0
"10704",0
"10706",0
"10714",0
"10746",0
"10747",0
"10751",0
"10763",0
"10765",0
"10831",0
"10835",0
"10838",0
"10844",0
"10846",0
"10847",0
"10898",0
"10966",0
"10968",0
"10974",0
"10975",0
"10976",0
"10977",0
"10978",0
"11010",0
"11024",0
"11026",0
"11028",0
"11099",0
"11108",0
"11109",0
"11158",0
"11221",0
"11223",0
"11227",0
"11228",0
"11230",0
"11231",0
"11334",0
"11351",0
"11397",0
"11457",0
"11462",0
"11468",0
"11484",0
"11520",0
"11550",0
"11576",0
"11580",0
"11581",0
"11583",0
"11584",0
"11587",0
"11589",0
"11593",0
"11608",0
"11643",0
"11655",0
"11674",0
"11706",0
"11707",0
"11712",0
"11820",0
"11822",0
"11841",0
"11901",0
"11941",0
"11974",0
"12024",0
"12060",0
"12061",0
"12134",0
"12143",0
"12146",0
"12206",0
"12267",0
"12510",0
"12578",0
"12579",0
"12620",0
"12621",0
"12689",0
"12742",0
"12800",0
"12923",0
"12924",0
"13050",0
"13307",0
"13430",0
"13450",0
"13577",0
"13581",0
"13584",0
"13587",0
"13684",0
"13708",0
"13709",0
"13800",0
"13814",0
"13815",0
"13822",0
"13823",0
"13824",0
"13829",0
"13835",0
"13942",0
"13945",0
"13947",0
"13948",0
"13949",0
"13950",0
"14052",0
"14064",0
"14085",0
"14139",0
"14172",0
"14175",0
"14187",0
"14190",0
"14296",0
"14316",0
"14319",0
"14335",0
"14387",0
"14388",0
"14421",0
"14429",0
"14433",0
"14441",0
"14461",0
"14511",0
"14512",0
"14513",0
"14545",0
"14553",0
"14640",0
"14642",0
"14769",0
"14809",0
"15047",0
"15053",0
"15074",0
"15084",0
"15088",0
"15192",0
"15205",0
"15219",0
"15224",0
"15237",0
"15296",0
"15297",0
"15343",0
"15389",0
"15390",0
"15391",0
"15448",0
"15477",0
"15522",0
"15523",0
"15524",0
"15526",0
"15597",0
"15628",0
"15641",0
"15751",0
"15766",0
"15767",0
"15778",0
"15799",0
"15872",0
"15888",0
"15910",0
"15924",0
"15978",0
"16045",0
"16046",0
"16047",0
"16064",0
"16069",0
"16178",0
"16201",0
"16244",0
"16322",0
"16335",0
"16441",0
"16575",0
"16576",0
"16596",0
"16681",0
"16686",0
"16705",0
"16823",0
"16956",0
"16976",0
"16998",0
"17090",0
"17091",0
"17226",0
"17248",0
"17270",0
"17285",0
"17384",0
"17634",0
"17655",0
"17697",0
"17955",0
"17958",0
"18064",0
"18371",0
"18509",0
"18571",0
"18687",0
"18869",0
"18953",0
"18959",0
"18972",0
"18973",0
"19123",0
"19256",0
"19578",0
"19914",0
"20109",0
"20220",0
"20422",0
"20539",0
"20583",0
"20699",0
"20824",0
"20837",0
"20859",0
"20912",0
"20913",0
"21020",0
"21074",0
"21076",0
"21149",0
"21184",0
"21333",0
"21395",0
"21398",0
"21511",0
"22166",0
"22222",0
"22314",0
"22333",0
"22384",0
"22547",0
"22564",0
"22640",0
"22666",0
"22726",0
"22747",0
"22799",0
"22800",0
"22810",0
"22900",0
"22906",0
"22959",0
"22960",0
"22970",0
"23025",0
"23042",0
"23069",0
"23146",0
"23198",0
"23304",0
"23348",0
"23357",0
"23358",0
"23434",0
"23466",0
"23511",0
"23513",0
"23516",0
"23519",0
"23631",0
"23680",0
"23683",0
"23684",0
"23761",0
"23762",0
"23850",0
"23851",0
"23890",0
"24015",0
"24016",0
"24056",0
"24119",0
"24212",0
"24355",0
"24356",0
"24359",0
"24380",0
"24383",0
"24515",0
"24516",0
"24520",0
"24550",0
"24686",0
"24687",0
"24688",0
"24699",0
"24701",0
"24702",0
"24703",0
"24842",0
"24867",0
"24868",0
"24870",0
"24954",0
"25039",0
"25040",0
"25052",0
"25126",0
"25209",0
"25222",0
"25378",0
"25390",0
"25391",0
"25476",0
"25555",0
"25556",0
"25557",0
"25566",0
"25721",0
"25723",0
"25888",0
"25889",0
"25890",0
"26016",0
"26055",0
"26056",0
"26144",0
"26219",0
"26220",0
"26221",0
"26377",0
"26378",0
"26538",0
"26663",0
"26711",0
"26817",0
"26853",0
"26945",0
"27012",0
"27029",0
"27355",0
"27449",0
"27455",0
"27511",0
"27512",0
"27666",0
"27795",0
"27950",0
"27978",0
"27979",0
"28102",0
"28103",0
"28133",0
"28224",0
"28364",0
"28389",0
"28443",0
"28447",0
"28755",0
"28837",0
"28913",0
"28996",0
"29067",0
"29068",0
"29069",0
"29079",0
"29222",0
"29223",0
"29376",0
"29377",0
"29391",0
"29529",0
"29530",0
"29783",0
"29845",0
"30163",0
"30164",0
"30249",0
"30390",0
"30391",0
"30392",0
"30470",0
"30547",0
"30624",0
"30702",0
"30783",0
"30858",0
"31020",0
"31176",0
"31409",0
"31489",0
"31495",0
"31498",0
"31718",0
"32806",0
"32900",0
"33569",0
"33645",0
"33647",0
"33734",0
"33812",0
"33813",0
"33822",0
"33898",0
"34061",0
"34139",0
"34224",0
"34390",0
"35049",0
"35130",0
"35289",0
"35457",0
"35626",0
"35628",0
"35809",0
"36230",0
"36247",0
"36405",0
"36427",0
"36691",0
"36938",0
"37035",0
"37042",0
"37091",0
"37111",0
"37215",0
"37462",0
"37720",0
"37794",0
"37967",0
"37977",0
"38121",0
"38232",0
"38402",0
"38464",0
"38659",0
"38751",0
"38829",0
"38919",0
"38928",0
"39001",0
"39103",0
"39519",0
"39638",0
"40473",0
"40514",0
"40515",0
"40895",0
"41089",0
"41237",0
"41379",0
"41823",0
"41921",0
"42495",0
"43213",0
"43232",0
"43435",0
"43784",0
"67",0
"145",0
"215",0
"225",0
"324",0
"397",0
"436",0
"561",0
"662",0
"666",0
"677",0
"754",0
"758",0
"782",0
"847",0
"849",0
"852",0
"899",0
"941",0
"942",0
"962",0
"990",0
"1013",0
"1016",0
"1031",0
"1054",0
"1059",0
"1108",0
"1126",0
"1404",0
"1517",0
"1530",0
"1559",0
"1565",0
"1566",0
"1578",0
"1611",0
"1612",0
"1629",0
"1656",0
"1724",0
"1772",0
"1803",0
"1804",0
"1824",0
"1826",0
"1900",0
"1921",0
"1943",0
"1982",0
"2009",0
"2016",0
"2022",0
"2098",0
"2102",0
"2110",0
"2111",0
"2114",0
"2205",0
"2303",0
"2327",0
"2370",0
"2419",0
"2507",0
"2510",0
"2520",0
"2606",0
"2609",0
"2620",0
"2646",0
"2704",0
"2708",0
"2709",0
"2790",0
"2807",0
"2810",0
"2812",0
"2813",0
"2862",0
"2916",0
"2922",0
"3019",0
"3025",0
"3068",0
"3120",0
"3216",0
"3315",0
"3330",0
"3443",0
"3444",0
"3445",0
"3483",0
"3556",0
"3558",0
"3559",0
"3560",0
"3562",0
"3634",0
"3663",0
"3670",0
"3674",0
"3675",0
"3676",0
"3677",0
"3678",0
"3691",0
"3697",0
"3782",0
"3786",0
"3789",0
"3790",0
"3791",0
"3792",0
"3793",0
"3810",0
"3902",0
"3905",0
"3906",0
"3907",0
"3908",0
"3924",0
"3926",0
"3939",0
"3976",0
"3987",0
"4021",0
"4022",0
"4025",0
"4028",0
"4045",0
"4057",0
"4135",0
"4141",0
"4143",0
"4144",0
"4173",0
"4244",0
"4260",0
"4261",0
"4380",0
"4409",0
"4487",0
"4499",0
"4500",0
"4520",0
"4533",0
"4542",0
"4543",0
"4544",0
"4545",0
"4546",0
"4557",0
"4575",0
"4604",0
"4605",0
"4619",0
"4620",0
"4644",0
"4657",0
"4726",0
"4741",0
"4742",0
"4769",0
"4802",0
"4865",0
"4866",0
"4968",0
"4989",0
"4990",0
"5045",0
"5048",0
"5098",0
"5116",0
"5194",0
"5242",0
"5243",0
"5369",0
"5413",0
"5450",0
"5497",0
"5625",0
"5626",0
"5673",0
"5755",0
"5824",0
"5870",0
"5885",0
"5997",0
"6013",0
"6063",0
"6128",0
"6129",0
"6145",0
"6193",0
"6259",0
"6260",0
"6261",0
"6278",0
"6279",0
"6321",0
"6325",0
"6343",0
"6390",0
"6391",0
"6411",0
"6412",0
"6454",0
"6455",0
"6521",0
"6525",0
"6526",0
"6527",0
"6543",0
"6676",0
"6677",0
"6791",0
"6811",0
"6927",0
"6946",0
"6947",0
"7063",0
"7081",0
"7082",0
"7083",0
"7214",0
"7215",0
"7216",0
"7217",0
"7326",0
"7327",0
"7346",0
"7347",0
"7349",0
"7350",0
"7419",0
"7479",0
"7480",0
"7481",0
"7482",0
"7483",0
"7484",0
"7610",0
"7611",0
"7612",0
"7694",0
"7739",0
"7877",0
"7991",0
"8273",0
"8338",0
"8470",0
"8541",0
"8603",0
"8604",0
"8669",0
"8739",0
"8740",0
"8742",0
"8847",0
"8874",0
"8875",0
"8931",0
"8958",0
"8959",0
"9026",0
"9078",0
"9141",0
"9142",0
"9161",0
"9162",0
"9275",0
"9293",0
"9365",0
"9424",0
"9433",0
"9480",0
"9504",0
"9527",0
"9573",0
"9587",0
"9769",0
"9787",0
"9900",0
"9912",0
"10043",0
"10052",0
"10275",0
"10370",0
"10374",0
"10501",0
"10504",0
"10614",0
"10632",0
"10639",0
"10710",0
"10712",0
"10839",0
"10843",0
"10879",0
"10970",0
"10973",0
"11220",0
"11229",0
"11232",0
"11300",0
"11319",0
"11333",0
"11338",0
"11355",0
"11356",0
"11357",0
"11358",0
"11398",0
"11399",0
"11458",0
"11463",0
"11464",0
"11465",0
"11466",0
"11481",0
"11521",0
"11522",0
"11578",0
"11579",0
"11588",0
"11590",0
"11609",0
"11645",0
"11702",0
"11703",0
"11710",0
"11711",0
"11765",0
"11766",0
"11767",0
"11824",0
"11825",0
"11826",0
"11888",0
"11889",0
"11899",0
"11900",0
"11939",0
"12012",0
"12021",0
"12063",0
"12142",0
"12263",0
"12266",0
"12389",0
"12390",0
"12423",0
"12455",0
"12562",0
"12631",0
"12682",0
"12684",0
"12806",0
"13299",0
"13385",0
"13459",0
"13583",0
"13689",0
"13714",0
"13798",0
"13807",0
"13933",0
"13951",0
"13952",0
"13953",0
"14050",0
"14070",0
"14071",0
"14072",0
"14073",0
"14074",0
"14075",0
"14076",0
"14173",0
"14174",0
"14193",0
"14194",0
"14211",0
"14263",0
"14313",0
"14314",0
"14317",0
"14318",0
"14422",0
"14434",0
"14442",0
"14552",0
"14564",0
"14565",0
"14588",0
"14678",0
"14692",0
"14693",0
"14787",0
"14789",0
"14790",0
"14791",0
"14820",0
"14821",0
"14824",0
"14918",0
"14940",0
"14946",0
"14954",0
"14979",0
"15043",0
"15044",0
"15048",0
"15049",0
"15050",0
"15051",0
"15068",0
"15073",0
"15075",0
"15081",0
"15085",0
"15086",0
"15119",0
"15178",0
"15180",0
"15181",0
"15182",0
"15183",0
"15185",0
"15186",0
"15208",0
"15210",0
"15213",0
"15254",0
"15255",0
"15311",0
"15312",0
"15313",0
"15314",0
"15325",0
"15340",0
"15342",0
"15348",0
"15349",0
"15358",0
"15386",0
"15446",0
"15447",0
"15461",0
"15494",0
"15505",0
"15580",0
"15581",0
"15614",0
"15629",0
"15640",0
"15642",0
"15659",0
"15713",0
"15716",0
"15717",0
"15736",0
"15775",0
"15777",0
"15848",0
"15850",0
"15851",0
"15852",0
"15901",0
"15902",0
"15908",0
"15911",0
"15983",0
"16038",0
"16044",0
"16072",0
"16073",0
"16116",0
"16117",0
"16169",0
"16170",0
"16175",0
"16206",0
"16302",0
"16303",0
"16308",0
"16309",0
"16333",0
"16339",0
"16436",0
"16437",0
"16440",0
"16442",0
"16470",0
"16571",0
"16574",0
"16604",0
"16680",0
"16706",0
"16707",0
"16710",0
"16711",0
"16712",0
"16821",0
"16841",0
"16844",0
"16845",0
"16846",0
"16954",0
"16974",0
"16977",0
"17088",0
"17110",0
"17111",0
"17112",0
"17113",0
"17114",0
"17139",0
"17244",0
"17245",0
"17246",0
"17247",0
"17371",0
"17379",0
"17380",0
"17381",0
"17382",0
"17383",0
"17516",0
"17517",0
"17518",0
"17519",0
"17641",0
"17642",0
"17652",0
"17653",0
"17654",0
"17780",0
"17792",0
"17793",0
"17794",0
"17795",0
"17921",0
"17932",0
"17933",0
"17934",0
"17935",0
"18057",0
"18075",0
"18076",0
"18077",0
"18078",0
"18079",0
"18124",0
"18200",0
"18221",0
"18222",0
"18224",0
"18358",0
"18369",0
"18370",0
"18500",0
"18517",0
"18518",0
"18519",0
"18520",0
"18659",0
"18668",0
"18669",0
"18670",0
"18671",0
"18718",0
"18807",0
"18808",0
"18818",0
"18819",0
"18820",0
"18821",0
"18960",0
"18968",0
"18969",0
"18970",0
"18971",0
"18995",0
"19117",0
"19118",0
"19120",0
"19121",0
"19122",0
"19176",0
"19274",0
"19275",0
"19277",0
"19412",0
"19431",0
"19432",0
"19582",0
"19586",0
"19587",0
"19588",0
"19742",0
"19744",0
"19900",0
"19901",0
"20055",0
"20095",0
"20199",0
"20250",0
"20251",0
"20252",0
"20253",0
"20409",0
"20410",0
"20425",0
"20515",0
"20732",0
"20893",0
"20907",0
"20986",0
"21056",0
"21220",0
"21229",0
"21233",0
"21241",0
"21347",0
"21396",0
"21397",0
"21485",0
"21674",0
"21747",0
"22223",0
"22225",0
"22234",0
"22236",0
"22241",0
"22330",0
"22380",0
"22381",0
"22391",0
"22400",0
"22401",0
"22475",0
"22480",0
"22501",0
"22559",0
"22562",0
"22563",0
"22567",0
"22569",0
"22570",0
"22638",0
"22723",0
"22725",0
"22741",0
"22798",0
"22907",0
"22908",0
"22958",0
"23037",0
"23041",0
"23061",0
"23117",0
"23118",0
"23139",0
"23145",0
"23188",0
"23199",0
"23200",0
"23201",0
"23202",0
"23271",0
"23273",0
"23276",0
"23297",0
"23298",0
"23459",0
"23460",0
"23520",0
"23607",0
"23623",0
"23624",0
"23681",0
"23682",0
"23685",0
"23758",0
"23790",0
"23849",0
"23852",0
"23891",0
"23923",0
"23955",0
"24017",0
"24120",0
"24179",0
"24180",0
"24181",0
"24284",0
"24345",0
"24346",0
"24347",0
"24352",0
"24353",0
"24354",0
"24451",0
"24514",0
"24517",0
"24518",0
"24519",0
"24521",0
"24522",0
"24523",0
"24524",0
"24525",0
"24526",0
"24527",0
"24528",0
"24529",0
"24618",0
"24685",0
"24689",0
"24695",0
"24696",0
"24698",0
"24786",0
"24863",0
"24865",0
"24866",0
"24869",0
"24871",0
"24955",0
"25010",0
"25036",0
"25037",0
"25205",0
"25206",0
"25208",0
"25221",0
"25377",0
"25516",0
"25544",0
"25682",0
"25719",0
"25851",0
"26019",0
"26054",0
"26183",0
"26344",0
"26380",0
"26503",0
"26530",0
"26658",0
"26692",0
"26693",0
"26700",0
"26851",0
"26852",0
"27013",0
"27168",0
"27169",0
"27196",0
"27328",0
"27356",0
"27457",0
"27485",0
"27639",0
"27667",0
"27668",0
"27825",0
"27948",0
"27949",0
"27980",0
"27981",0
"28064",0
"28065",0
"28134",0
"28135",0
"28226",0
"28231",0
"28287",0
"28289",0
"28290",0
"28291",0
"28445",0
"28448",0
"28531",0
"28600",0
"28601",0
"28603",0
"28731",0
"28733",0
"28753",0
"28756",0
"28835",0
"28894",0
"28914",0
"29065",0
"29166",0
"29221",0
"29321",0
"29356",0
"29387",0
"29392",0
"29474",0
"29475",0
"29509",0
"29511",0
"29544",0
"29628",0
"29679",0
"29683",0
"29818",0
"29851",0
"29852",0
"29859",0
"29940",0
"30095",0
"30096",0
"30141",0
"30237",0
"30238",0
"30242",0
"30251",0
"30414",0
"30424",0
"30425",0
"30548",0
"30939",0
"31403",0
"31417",0
"31560",0
"31654",0
"31656",0
"31818",0
"32059",0
"32060",0
"32140",0
"32143",0
"32146",0
"32474",0
"32815",0
"32816",0
"32989",0
"33071",0
"33140",0
"33238",0
"33309",0
"33404",0
"33492",0
"33562",0
"33659",0
"33731",0
"33978",0
"33989",0
"34151",0
"34384",0
"34477",0
"34479",0
"34545",0
"34640",0
"34641",0
"34804",0
"35041",0
"35051",0
"35131",0
"35212",0
"35380",0
"35627",0
"35711",0
"35997",0
"36056",0
"36061",0
"36237",0
"36409",0
"36500",0
"36501",0
"36577",0
"37127",0
"37269",0
"37445",0
"37617",0
"37624",0
"37787",0
"37791",0
"38233",0
"38304",0
"38473",0
"39349",0
"39843",0
"39858",0
"40024",0
"40435",0
"41188",0
"41189",0
"41258",0
"41330",0
"41331",0
"41332",0
"41380",0
"41471",0
"41521",0
"41522",0
"41536",0
"41661",0
"41799",0
"41880",0
"41937",0
"41955",0
"42080",0
"42107",0
"42199",0
"42222",0
"42251",0
"42363",0
"42391",0
"42501",0
"42634",0
"42652",0
"42657",0
"42766",0
"42889",0
"42905",0
"43026",0
"43071",0
"43133",0
"43192",0
"43194",0
"43430",0
"43437",0
"15",0
"45",0
"119",0
"156",0
"190",0
"217",0
"218",0
"307",0
"308",0
"311",0
"428",0
"463",0
"521",0
"524",0
"596",0
"617",0
"686",0
"733",0
"801",0
"804",0
"848",0
"850",0
"943",0
"1023",0
"1034",0
"1044",0
"1047",0
"1079",0
"1229",0
"1289",0
"1293",0
"1301",0
"1392",0
"1463",0
"1481",0
"1482",0
"1577",0
"1579",0
"1618",0
"1663",0
"1679",0
"1695",0
"1714",0
"1809",0
"1888",0
"1901",0
"1922",0
"1971",0
"1989",0
"2004",0
"2077",0
"2084",0
"2104",0
"2153",0
"2210",0
"2214",0
"2230",0
"2271",0
"2275",0
"2302",0
"2311",0
"2315",0
"2381",0
"2406",0
"2411",0
"2422",0
"2497",0
"2544",0
"2552",0
"2568",0
"2577",0
"2591",0
"2611",0
"2612",0
"2621",0
"2629",0
"2658",0
"2677",0
"2688",0
"2695",0
"2699",0
"2718",0
"2719",0
"2773",0
"2886",0
"2923",0
"2969",0
"2972",0
"2983",0
"2984",0
"2985",0
"3008",0
"3031",0
"3096",0
"3098",0
"3115",0
"3123",0
"3215",0
"3227",0
"3240",0
"3317",0
"3329",0
"3384",0
"3405",0
"3463",0
"3561",0
"3576",0
"3887",0
"3897",0
"3898",0
"3929",0
"3934",0
"3943",0
"3947",0
"3988",0
"4004",0
"4066",0
"4127",0
"4142",0
"4147",0
"4160",0
"4164",0
"4224",0
"4252",0
"4304",0
"4309",0
"4400",0
"4432",0
"4492",0
"4530",0
"4532",0
"4647",0
"4655",0
"4656",0
"4659",0
"4663",0
"4664",0
"4723",0
"4827",0
"4938",0
"5020",0
"5022",0
"5023",0
"5024",0
"5025",0
"5026",0
"5027",0
"5028",0
"5029",0
"5030",0
"5035",0
"5072",0
"5115",0
"5149",0
"5150",0
"5152",0
"5159",0
"5189",0
"5221",0
"5285",0
"5304",0
"5368",0
"5400",0
"5401",0
"5410",0
"5411",0
"5446",0
"5448",0
"5539",0
"5540",0
"5541",0
"5543",0
"5672",0
"5708",0
"5996",0
"5998",0
"6012",0
"6083",0
"6089",0
"6130",0
"6200",0
"6320",0
"6323",0
"6324",0
"6329",0
"6397",0
"6448",0
"6451",0
"6452",0
"6456",0
"6476",0
"6524",0
"6542",0
"6576",0
"6582",0
"6653",0
"6793",0
"6874",0
"6885",0
"6888",0
"6928",0
"6948",0
"7019",0
"7021",0
"7022",0
"7034",0
"7151",0
"7154",0
"7156",0
"7157",0
"7213",0
"7284",0
"7288",0
"7289",0
"7290",0
"7344",0
"7345",0
"7348",0
"7351",0
"7418",0
"7425",0
"7426",0
"7430",0
"7458",0
"7478",0
"7549",0
"7550",0
"7551",0
"7560",0
"7561",0
"7562",0
"7563",0
"7683",0
"7696",0
"7697",0
"7698",0
"7743",0
"7813",0
"7845",0
"7862",0
"7863",0
"7871",0
"7876",0
"7946",0
"7961",0
"7962",0
"7995",0
"8009",0
"8010",0
"8079",0
"8094",0
"8095",0
"8096",0
"8097",0
"8129",0
"8146",0
"8206",0
"8207",0
"8211",0
"8212",0
"8224",0
"8225",0
"8226",0
"8227",0
"8262",0
"8339",0
"8342",0
"8343",0
"8356",0
"8386",0
"8387",0
"8453",0
"8469",0
"8472",0
"8473",0
"8474",0
"8475",0
"8488",0
"8524",0
"8531",0
"8532",0
"8543",0
"8605",0
"8606",0
"8607",0
"8622",0
"8668",0
"8725",0
"8741",0
"8758",0
"8876",0
"8877",0
"8894",0
"8942",0
"8955",0
"9008",0
"9027",0
"9052",0
"9062",0
"9069",0
"9091",0
"9159",0
"9292",0
"9294",0
"9351",0
"9505",0
"9574",0
"9615",0
"9766",0
"9768",0
"9779",0
"9891",0
"9911",0
"9920",0
"9922",0
"9986",0
"10048",0
"10050",0
"10181",0
"10182",0
"10183",0
"10250",0
"10315",0
"10316",0
"10443",0
"10446",0
"10448",0
"10449",0
"10450",0
"10451",0
"10500",0
"10503",0
"10509",0
"10510",0
"10578",0
"10584",0
"10585",0
"10586",0
"10587",0
"10588",0
"10692",0
"10696",0
"10715",0
"10718",0
"10719",0
"10720",0
"10762",0
"10773",0
"10777",0
"10808",0
"10833",0
"10834",0
"10836",0
"10842",0
"10851",0
"10852",0
"10853",0
"10965",0
"10971",0
"10981",0
"11011",0
"11100",0
"11104",0
"11107",0
"11162",0
"11165",0
"11233",0
"11238",0
"11275",0
"11344",0
"11350",0
"11352",0
"11400",0
"11480",0
"11482",0
"11488",0
"11551",0
"11585",0
"11592",0
"11597",0
"11603",0
"11713",0
"11717",0
"11778",0
"11827",0
"11828",0
"11829",0
"11833",0
"11850",0
"11964",0
"12013",0
"12086",0
"12087",0
"12135",0
"12184",0
"12264",0
"12268",0
"12313",0
"12331",0
"12384",0
"12386",0
"12388",0
"12440",0
"12507",0
"12509",0
"12560",0
"12561",0
"12681",0
"12683",0
"12802",0
"12808",0
"12809",0
"12925",0
"12930",0
"13045",0
"13434",0
"13451",0
"13544",0
"13558",0
"13559",0
"13560",0
"13673",0
"13685",0
"13707",0
"13710",0
"13711",0
"13712",0
"13713",0
"13836",0
"13927",0
"13939",0
"13954",0
"13963",0
"14069",0
"14088",0
"14180",0
"14188",0
"14286",0
"14312",0
"14336",0
"14430",0
"14435",0
"14443",0
"14462",0
"14551",0
"14556",0
"14566",0
"14786",0
"14788",0
"14808",0
"14823",0
"14843",0
"14937",0
"14939",0
"15046",0
"15082",0
"15089",0
"15179",0
"15184",0
"15187",0
"15191",0
"15209",0
"15211",0
"15218",0
"15251",0
"15253",0
"15387",0
"15564",0
"15611",0
"15662",0
"15735",0
"15765",0
"15935",0
"15936",0
"15937",0
"15980",0
"15987",0
"16276",0
"16465",0
"16466",0
"16467",0
"16468",0
"16469",0
"16545",0
"16570",0
"16577",0
"16602",0
"16603",0
"16847",0
"16949",0
"16955",0
"16978",0
"16979",0
"17133",0
"17225",0
"17243",0
"17249",0
"17496",0
"17644",0
"17772",0
"17783",0
"17924",0
"18067",0
"18121",0
"18211",0
"18212",0
"18246",0
"18359",0
"18360",0
"18367",0
"18373",0
"18516",0
"18667",0
"18672",0
"18815",0
"18964",0
"18965",0
"18966",0
"19021",0
"19110",0
"19114",0
"19115",0
"19116",0
"19267",0
"19268",0
"19329",0
"19423",0
"19485",0
"19739",0
"19740",0
"19741",0
"19745",0
"19894",0
"19895",0
"20047",0
"20108",0
"20112",0
"20201",0
"20209",0
"20268",0
"20355",0
"20356",0
"20540",0
"20676",0
"20695",0
"21004",0
"21058",0
"21065",0
"21181",0
"21221",0
"21242",0
"21348",0
"21390",0
"21391",0
"21407",0
"21408",0
"21547",0
"21746",0
"22167",0
"22224",0
"22233",0
"22237",0
"22382",0
"22405",0
"22414",0
"22474",0
"22477",0
"22500",0
"22565",0
"22566",0
"22575",0
"22639",0
"22714",0
"22729",0
"22733",0
"22748",0
"23038",0
"23275",0
"23283",0
"23359",0
"23521",0
"23606",0
"23608",0
"23766",0
"23789",0
"23954",0
"24018",0
"24088",0
"24127",0
"24172",0
"24178",0
"24182",0
"24357",0
"24531",0
"24532",0
"24694",0
"24700",0
"24787",0
"25125",0
"25294",0
"25295",0
"25389",0
"25463",0
"25630",0
"25720",0
"25799",0
"25800",0
"25967",0
"25968",0
"26131",0
"26132",0
"26293",0
"26294",0
"26295",0
"26450",0
"26451",0
"26498",0
"26539",0
"26611",0
"26612",0
"26772",0
"26773",0
"26931",0
"26932",0
"27011",0
"27089",0
"27090",0
"27246",0
"27406",0
"27407",0
"27450",0
"27484",0
"27563",0
"27564",0
"27565",0
"27613",0
"27721",0
"27772",0
"27882",0
"27926",0
"27977",0
"28039",0
"28131",0
"28195",0
"28225",0
"28257",0
"28258",0
"28259",0
"28260",0
"28288",0
"28292",0
"28352",0
"28353",0
"28415",0
"28416",0
"28446",0
"28510",0
"28511",0
"28572",0
"28573",0
"28574",0
"28575",0
"28576",0
"28602",0
"28668",0
"28669",0
"28695",0
"28730",0
"28732",0
"28757",0
"28848",0
"28852",0
"28891",0
"28892",0
"28893",0
"28910",0
"29010",0
"29050",0
"29051",0
"29143",0
"29204",0
"29205",0
"29206",0
"29217",0
"29322",0
"29358",0
"29359",0
"29360",0
"29476",0
"29512",0
"29613",0
"29627",0
"29663",0
"29664",0
"29698",0
"29699",0
"29705",0
"29780",0
"29819",0
"29831",0
"29833",0
"29836",0
"29941",0
"29943",0
"29944",0
"29945",0
"29946",0
"29975",0
"29987",0
"30009",0
"30089",0
"30097",0
"30098",0
"30101",0
"30103",0
"30104",0
"30105",0
"30142",0
"30233",0
"30235",0
"30236",0
"30239",0
"30240",0
"30252",0
"30259",0
"30260",0
"30270",0
"30273",0
"30295",0
"30296",0
"30387",0
"30395",0
"30413",0
"30415",0
"30422",0
"30423",0
"30427",0
"30428",0
"30448",0
"30461",0
"30551",0
"30571",0
"30576",0
"30577",0
"30579",0
"30580",0
"30581",0
"30582",0
"30583",0
"30584",0
"30585",0
"30586",0
"30590",0
"30603",0
"30705",0
"30731",0
"30733",0
"30734",0
"30746",0
"30747",0
"30748",0
"30761",0
"30863",0
"30892",0
"30906",0
"30907",0
"31016",0
"31247",0
"31260",0
"31416",0
"31486",0
"31573",0
"31574",0
"31655",0
"31657",0
"31732",0
"31733",0
"31884",0
"31894",0
"31895",0
"31896",0
"31969",0
"31970",0
"31975",0
"31978",0
"31980",0
"31981",0
"32144",0
"32145",0
"32226",0
"32302",0
"32311",0
"32312",0
"32313",0
"32479",0
"32647",0
"32802",0
"32972",0
"32976",0
"33158",0
"33326",0
"33398",0
"33399",0
"33491",0
"33565",0
"33725",0
"33727",0
"33827",0
"33828",0
"33975",0
"33976",0
"33985",0
"33990",0
"34154",0
"34155",0
"34305",0
"34308",0
"34315",0
"34316",0
"34317",0
"34478",0
"34480",0
"34481",0
"34642",0
"34707",0
"34807",0
"34868",0
"34883",0
"34969",0
"35034",0
"35045",0
"35052",0
"35053",0
"35211",0
"35287",0
"35297",0
"35378",0
"35456",0
"35467",0
"35544",0
"35548",0
"35549",0
"35550",0
"35714",0
"35720",0
"35885",0
"35886",0
"36060",0
"36236",0
"36328",0
"36329",0
"36330",0
"36419",0
"36421",0
"36499",0
"36748",0
"36872",0
"36873",0
"37043",0
"37106",0
"37107",0
"37268",0
"37386",0
"37616",0
"37788",0
"37891",0
"38401",0
"38573",0
"39009",0
"39164",0
"39178",0
"39341",0
"39639",0
"39689",0
"39704",0
"39808",0
"39859",0
"39872",0
"40311",0
"40358",0
"40372",0
"40685",0
"40746",0
"41329",0
"41470",0
"41472",0
"41565",0
"41607",0
"41608",0
"41609",0
"41662",0
"41743",0
"41745",0
"41800",0
"41801",0
"41820",0
"41879",0
"41938",0
"41939",0
"41963",0
"41992",0
"42081",0
"42082",0
"42084",0
"42205",0
"42223",0
"42364",0
"42422",0
"42502",0
"42503",0
"42636",0
"42669",0
"42767",0
"42978",0
"43006",0
"43223",0
"43272",0
"43353",0
"43431",0
"43433",0
"43434",0
"383",-100
"490",50
"689",0
"944",0
"969",-100
"985",-100
"1082",0
"1266",-100
"1708",50
"1718",50
"1810",-100
"1828",-100
"1906",50
"1924",-100
"1997",-100
"2188",0
"2412",0
"2414",50
"2415",-100
"2478",-100
"2493",0
"2692",50
"2707",-100
"2712",0
"2878",-100
"2885",-100
"3327",-100
"3932",0
"3950",0
"4026",0
"4049",-100
"4055",0
"4068",0
"4148",-100
"4168",-100
"4266",0
"4289",0
"4408",-100
"4410",-100
"4426",-100
"4639",0
"4891",0
"5014",-100
"5017",0
"5142",0
"5147",0
"5153",50
"5278",-100
"5280",-100
"5282",50
"5402",-100
"5529",0
"6062",0
"6190",-100
"6191",50
"6319",-100
"6449",-100
"6859",-100
"7018",-100
"7292",-100
"7427",0
"7564",0
"7925",0
"8449",0
"8471",50
"8608",-100
"8738",50
"9009",0
"9025",0
"9160",-100
"9276",-100
"9366",0
"9489",-100
"9503",0
"9577",0
"9767",0
"9793",0
"9890",-100
"10148",-100
"10371",-100
"10372",-100
"10373",-100
"10409",-100
"10640",-100
"10694",-100
"10713",0
"10826",0
"10837",0
"10849",-100
"10983",0
"11105",0
"11142",0
"11234",-100
"11237",0
"11268",0
"11273",0
"11339",0
"11354",0
"11359",0
"11454",-100
"11461",0
"11474",-100
"11475",-100
"11485",-100
"11646",-100
"11653",0
"11714",0
"11725",-100
"11776",-100
"11834",-100
"11839",0
"11840",0
"11846",0
"11847",-100
"11848",0
"11849",0
"11890",0
"12014",0
"12067",-100
"12068",-100
"12187",-100
"12197",50
"12205",0
"12265",0
"12312",0
"12319",-100
"12332",50
"12333",50
"12454",0
"12456",0
"12457",0
"12626",0
"12630",-100
"12795",-100
"12798",0
"12805",-100
"13046",-100
"13047",0
"13078",0
"13150",50
"13305",0
"13335",-100
"13433",0
"13686",-100
"13838",-100
"14066",0
"14077",-100
"14199",-100
"14200",-100
"14212",-100
"14310",0
"14438",50
"14535",50
"14846",-100
"14948",0
"15052",50
"15070",0
"15078",0
"15341",0
"15368",-100
"15478",-100
"15493",0
"15507",-100
"15579",-100
"15582",-100
"15596",50
"15612",-100
"15714",0
"15754",0
"15849",50
"15870",0
"15900",0
"15934",-100
"15981",-100
"15986",50
"16007",-100
"16008",0
"16037",0
"16382",0
"16679",50
"16814",-100
"16817",-100
"16840",-100
"16843",-100
"16878",0
"17108",-100
"17221",0
"17222",-100
"17495",0
"17509",0
"17514",0
"17515",-100
"17647",-100
"17648",50
"17649",-100
"17650",0
"17781",0
"17784",0
"17786",-100
"17914",0
"18056",-100
"18210",0
"18508",-100
"18510",0
"18567",0
"18660",-100
"18813",-100
"18865",-100
"19252",0
"19328",0
"19576",0
"19577",50
"19641",-100
"20345",0
"20541",-100
"20696",0
"20700",-100
"21077",0
"21169",0
"21748",-100
"22309",-100
"22387",0
"22396",-100
"22397",0
"22402",0
"22551",0
"22552",50
"22572",-100
"22883",-100
"22884",0
"22894",-100
"22901",-100
"22957",-100
"23217",0
"23228",-400
"23360",-300
"23373",-150
"23433",-400
"23679",-100
"23686",-250
"23759",-100
"23848",-250
"24012",-150
"24013",-100
"24014",-150
"24019",-500
"24087",-150
"24183",-250
"24184",-300
"24344",-300
"24350",-100
"24351",-100
"24361",-300
"24530",-300
"24590",-100
"24684",-150
"24690",-400
"24965",-400
"25038",-300
"26069",-100
"26180",-100
"26232",-100
"26625",-300
"26701",-300
"27167",-100
"27197",-100
"27247",-500
"27295",-300
"27327",-300
"27770",-500
"27794",-300
"28362",-300
"28670",-300
"28700",-300
"28729",-600
"28915",-100
"28916",-250
"29006",-600
"29167",-250
"29201",-300
"29242",-300
"29375",-400
"29396",-400
"29629",-100
"29682",-150
"29684",-250
"29934",-200
"30083",-100
"30085",-300
"30086",-600
"30099",-100
"30241",-300
"30318",-300
"30420",-600
"30473",-300
"30543",-300
"30578",-150
"30623",-300
"30704",-300
"30706",-300
"30744",-300
"30774",-300
"30782",-150
"30787",-600
"30865",-200
"30932",-400
"30944",-300
"31102",-300
"31103",-150
"31172",-100
"31261",-300
"31566",-400
"31646",-300
"31724",-300
"31817",-100
"31979",-300
"32135",-100
"32646",-400
"32648",-600
"32973",-300
"32977",-100
"32988",-250
"33230",-100
"33324",-150
"33325",-300
"33475",-400
"33559",-300
"33561",-300
"33563",-100
"33654",-600
"33724",-400
"33726",-150
"33826",-300
"33891",-100
"33893",-300
"33894",-300
"33896",-300
"34138",-600
"34152",-300
"34314",-600
"34382",-100
"34383",-300
"34643",-150
"34719",-150
"34806",-300
"34879",-100
"34880",-300
"34884",-300
"34968",-500
"35137",-600
"35210",-250
"35379",-500
"35541",-600
"35633",-400
"35713",-400
"35881",-300
"36420",-100
"36592",-400
"36763",-300
"36919",-300
"36934",-300
"36935",-250
"37044",-100
"37281",-600
"37555",-300
"37557",-200
"37726",-150
"37790",-300
"37966",-400
"38064",-300
"38070",-600
"38239",-150
"38409",-100
"38487",-300
"38660",-100
"38832",-400
"38838",-100
"39007",-100
"39015",-100
"39181",-400
"39182",-100
"39188",-300
"39360",-100
"39531",-600
"39677",-100
"39873",-150
"39874",-600
"40042",-600
"40111",-600
"40207",-600
"40208",-100
"40684",-300
"40836",-400
"41281",-150
"41425",-250
"41571",-600
"41684",-300
"41711",-100
"41825",-600
"41878",-300
"41940",-300
"41964",-250
"41991",-300
"42016",-150
"42060",-600
"42083",-100
"42108",-100
"42158",-100
"42224",-100
"42225",-300
"42226",-400
"42300",-100
"42365",-400
"42366",-300
"42367",-300
"42637",-250
"42638",-300
"42743",-250
"42768",-600
"42769",-400
"42798",-400
"42850",-100
"42864",-300
"42891",-250
"43029",-100
"43090",-300
"43117",-300
"43429",-250
